data_set,CT_id,roi_attenuation,ai_derived
covid_china,covid_0700,50.85702,1
covid_china,covid_0701,55.18537,1
covid_china,covid_0702,44.04323,1
covid_china,covid_0703,36.60765,1
covid_china,covid_0704,56.26933,1
covid_china,covid_0705,51.83957,1
covid_china,covid_0706,59.07315,1
covid_china,covid_0707,34.05819,1
covid_china,covid_0708,69.18038,1
covid_china,covid_0709,59.65087,1
covid_china,covid_0710,48.72236,1
covid_china,covid_0712,56.73234,1
covid_china,covid_0713,58,1
covid_china,covid_0714,63.63425,1
covid_china,covid_0715,64.52369,1
covid_china,covid_0716,56.5985,1
covid_china,covid_0717,59.25021,1
covid_china,covid_0718,61.59019,1
covid_china,covid_0719,64.17124,1
covid_china,covid_0720,64.85702,1
covid_china,covid_0721,60.84954,1
covid_china,covid_0722,52.12635,1
covid_china,covid_0723,65.29676,1
covid_china,covid_0733,61.9734,1
covid_china,covid_0734,39.94098,1
covid_china,covid_0735,70.02993,1
covid_china,covid_0736,49.32585,1
covid_china,covid_0737,62.91854,1
covid_china,covid_0738,59.11222,1
covid_italy,covid_italy_01,65.92851,1
covid_italy,covid_italy_02,62.25603,1
covid_italy,covid_italy_03,47.63175,1
covid_italy,covid_italy_04,43.95927,1
covid_italy,covid_italy_05,62.47382,1
covid_italy,covid_italy_06,38.96342,1
covid_italy,covid_italy_07,52.91854,1
covid_italy,covid_italy_08,59.76642,1
covid_italy,covid_italy_09,57.99169,1
covid_italy,covid_italy_11,60.93017,1
covid_italy,covid_italy_13,53.10806,1
covid_italy,covid_italy_14,30.13799,1
covid_italy,covid_italy_15,45.0399,1
covid_italy,covid_italy_16,32.09144,1
covid_italy,covid_italy_17,68.33583,1
covid_italy,covid_italy_18,56.06983,1
covid_italy,covid_italy_20,51.61513,1
covid_italy,covid_italy_21,68.2552,1
covid_italy,covid_italy_22,67.72236,1
covid_italy,covid_italy_23,52.26018,1
covid_italy,covid_italy_24,60.61679,1
covid_italy,covid_italy_25,67.53616,1
covid_italy,covid_italy_26,64.7581,1
covid_italy,covid_italy_27,58.59684,1
covid_italy,covid_italy_28,71.88113,1
covid_italy,covid_italy_29,48.65337,1
covid_italy,covid_italy_30,60.65669,1
covid_italy,covid_italy_31,43.13882,1
covid_italy,covid_italy_32,58.15461,1
covid_italy,covid_italy_33,42.31505,1
covid_italy,covid_italy_34,62.44306,1
covid_italy,covid_italy_35,60.29094,1
covid_italy,covid_italy_36,21.77057,1
covid_italy,covid_italy_37,55.06899,1
covid_italy,covid_italy_38,63.14131,1
covid_italy,covid_italy_39,55.56775,1
covid_italy,covid_italy_40,64.04904,1
covid_italy,covid_italy_41,51.34996,1
covid_italy,covid_italy_42,69.08645,1
covid_italy,covid_italy_43,51.92519,1
covid_italy,covid_italy_44,59.62261,1
covid_italy,covid_italy_45,55.78221,1
covid_italy,covid_italy_46,58.53034,1
covid_italy,covid_italy_47,57.65503,1
covid_italy,covid_italy_48,34.34165,1
covid_italy,covid_italy_49,23.9069,1
covid_italy,covid_italy_50,53.70657,1
covid_italy,covid_italy_51,61.74397,1
covid_italy,covid_italy_53,49.55445,1
covid_italy,covid_italy_54,59.133,1
covid_italy,covid_italy_56,58.34248,1
covid_italy,covid_italy_60,14.97589,1
covid_italy,covid_italy_61,39.33749,1
covid_italy,covid_italy_63,60.12718,1
covid_italy,covid_italy_65,49.87032,1
covid_italy,covid_italy_66,44.97589,1
covid_italy,covid_italy_67,45.13716,1
covid_italy,covid_italy_68,43.12801,1
covid_italy,covid_italy_69,37.77639,1
covid_italy,covid_italy_70,49.32502,1
covid_italy,covid_italy_71,44.31754,1
covid_italy,covid_italy_72,41.33915,1
covid_italy,covid_italy_73,50.98171,1
covid_italy,covid_italy_74,67.72153,1
covid_italy,covid_italy_75,49.33167,1
covid_italy,covid_italy_76,59.06567,1
covid_italy,covid_italy_77,47.83624,1
covid_italy,covid_italy_78,49.7074,1
covid_italy,covid_italy_79,42.56442,1
covid_italy,covid_italy_80,38.30008,1
covid_italy,covid_italy_81,52.5719,1
LIDC_IDRI,LIDC_IDRI_0039,59.95262,1
LIDC_IDRI,LIDC_IDRI_0048,67.41729,1
LIDC_IDRI,LIDC_IDRI_0108,53.1463,1
LIDC_IDRI,LIDC_IDRI_0269,63.76309,1
LIDC_IDRI,LIDC_IDRI_0293,72.17706,1
LIDC_IDRI,LIDC_IDRI_0320,33.56692,1
LIDC_IDRI,LIDC_IDRI_0328,63.29094,1
LIDC_IDRI,LIDC_IDRI_0341,52.58271,1
LIDC_IDRI,LIDC_IDRI_0349,63.65919,1
LIDC_IDRI,LIDC_IDRI_0350,70.35079,1
LIDC_IDRI,LIDC_IDRI_0351,67.19784,1
LIDC_IDRI,LIDC_IDRI_0370,17.14381,1
LIDC_IDRI,LIDC_IDRI_0372,55.85204,1
LIDC_IDRI,LIDC_IDRI_0373,65.28928,1
LIDC_IDRI,LIDC_IDRI_0397,71.58271,1
LIDC_IDRI,LIDC_IDRI_0400,64.25104,1
LIDC_IDRI,LIDC_IDRI_0408,58.49875,1
LIDC_IDRI,LIDC_IDRI_0416,55.96924,1
LIDC_IDRI,LIDC_IDRI_0448,70.57024,1
LIDC_IDRI,LIDC_IDRI_0455,58.94098,1
LIDC_IDRI,LIDC_IDRI_0463,59.57938,1
LIDC_IDRI,LIDC_IDRI_0464,68.02411,1
LIDC_IDRI,LIDC_IDRI_0465,64.46717,1
LIDC_IDRI,LIDC_IDRI_0491,69.99917,1
LIDC_IDRI,LIDC_IDRI_0494,66.05653,1
LIDC_IDRI,LIDC_IDRI_0501,72.31421,1
LIDC_IDRI,LIDC_IDRI_0532,49.96342,1
LIDC_IDRI,LIDC_IDRI_0536,63.53948,1
LIDC_IDRI,LIDC_IDRI_0549,58.88695,1
LIDC_IDRI,LIDC_IDRI_0573,66.77307,1
LIDC_IDRI,LIDC_IDRI_0579,39.75229,1
LIDC_IDRI,LIDC_IDRI_0581,64.11056,1
LIDC_IDRI,LIDC_IDRI_0584,66.84539,1
LIDC_IDRI,LIDC_IDRI_0586,71.66916,1
LIDC_IDRI,LIDC_IDRI_0600,58.2818,1
LIDC_IDRI,LIDC_IDRI_0602,62.93433,1
LIDC_IDRI,LIDC_IDRI_0621,53.26101,1
LIDC_IDRI,LIDC_IDRI_0641,68.81214,1
LIDC_IDRI,LIDC_IDRI_0643,52.31505,1
LIDC_IDRI,LIDC_IDRI_0646,59.3724,1
LIDC_IDRI,LIDC_IDRI_0655,62.25104,1
LIDC_IDRI,LIDC_IDRI_0669,75.20698,1
LIDC_IDRI,LIDC_IDRI_0676,69.2951,1
LIDC_IDRI,LIDC_IDRI_0693,45.31588,1
LIDC_IDRI,LIDC_IDRI_0701,68.08063,1
LIDC_IDRI,LIDC_IDRI_0726,70.07731,1
LIDC_IDRI,LIDC_IDRI_0731,61.2394,1
LIDC_IDRI,LIDC_IDRI_0734,66.25935,1
LIDC_IDRI,LIDC_IDRI_0745,61.12053,1
LIDC_IDRI,LIDC_IDRI_0748,52.13134,1
LIDC_IDRI,LIDC_IDRI_0752,72.28928,1
LIDC_IDRI,LIDC_IDRI_0759,70.00083,1
LIDC_IDRI,LIDC_IDRI_0760,61.75894,1
LIDC_IDRI,LIDC_IDRI_0770,48.90939,1
LIDC_IDRI,LIDC_IDRI_0777,50.93017,1
LIDC_IDRI,LIDC_IDRI_0778,77.64422,1
LIDC_IDRI,LIDC_IDRI_0786,56.89111,1
LIDC_IDRI,LIDC_IDRI_0804,36.21613,1
LIDC_IDRI,LIDC_IDRI_0806,66.77307,1
LIDC_IDRI,LIDC_IDRI_0840,62.78886,1
LIDC_IDRI,LIDC_IDRI_0845,55.89194,1
LIDC_IDRI,LIDC_IDRI_0849,50.45968,1
LIDC_IDRI,LIDC_IDRI_0869,57.80632,1
LIDC_IDRI,LIDC_IDRI_0881,51.96259,1
LIDC_IDRI,LIDC_IDRI_0902,61.3591,1
LIDC_IDRI,LIDC_IDRI_0916,65.67249,1
LIDC_IDRI,LIDC_IDRI_0918,65.22943,1
LIDC_IDRI,LIDC_IDRI_0919,72.02078,1
LIDC_IDRI,LIDC_IDRI_0920,56.18038,1
LIDC_IDRI,LIDC_IDRI_0922,68.83791,1
LIDC_IDRI,LIDC_IDRI_0934,72.03159,1
LIDC_IDRI,LIDC_IDRI_0954,55.55112,1
LIDC_IDRI,LIDC_IDRI_0960,71.49127,1
LIDC_IDRI,LIDC_IDRI_0964,69.11471,1
LIDC_IDRI,LIDC_IDRI_0973,62.19368,1
LIDC_IDRI,LIDC_IDRI_0977,64.27265,1
LIDC_IDRI,LIDC_IDRI_0981,73.08063,1
LIDC_IDRI,LIDC_IDRI_0987,70.95012,1
LIDC_IDRI,LIDC_IDRI_1007,57.56442,1
LIDC_IDRI,LIDC_IDRI_1008,48.01746,1
LUNG1,LUNG1_001,53.68662,1
LUNG1,LUNG1_007,53.92934,1
LUNG1,LUNG1_015,61.80299,1
LUNG1,LUNG1_019,53.49875,1
LUNG1,LUNG1_029,48.99418,1
LUNG1,LUNG1_031,57.68911,1
LUNG1,LUNG1_032,48.51122,1
LUNG1,LUNG1_039,49.84871,1
LUNG1,LUNG1_041,53.64505,1
LUNG1,LUNG1_047,58.96841,1
LUNG1,LUNG1_049,52.5852,1
LUNG1,LUNG1_051,47.50374,1
LUNG1,LUNG1_052,46.85536,1
LUNG1,LUNG1_054,57.20532,1
LUNG1,LUNG1_057,60.3217,1
LUNG1,LUNG1_060,42.6675,1
LUNG1,LUNG1_063,34.68412,1
LUNG1,LUNG1_068,50.56775,1
LUNG1,LUNG1_072,45.67165,1
LUNG1,LUNG1_077,51.97506,1
LUNG1,LUNG1_084,59.76974,1
LUNG1,LUNG1_087,52.28096,1
LUNG1,LUNG1_090,42.11887,1
LUNG1,LUNG1_098,38.77639,1
LUNG1,LUNG1_099,56.71322,1
LUNG1,LUNG1_100,52.74231,1
LUNG1,LUNG1_102,52.18121,1
LUNG1,LUNG1_106,33.92186,1
LUNG1,LUNG1_109,49.66334,1
LUNG1,LUNG1_113,55.01663,1
LUNG1,LUNG1_114,54.90441,1
LUNG1,LUNG1_115,53.12968,1
LUNG1,LUNG1_116,60.57357,1
LUNG1,LUNG1_119,62.32918,1
LUNG1,LUNG1_120,49.26766,1
LUNG1,LUNG1_121,70.27099,1
LUNG1,LUNG1_122,49.7448,1
LUNG1,LUNG1_123,23.68828,1
LUNG1,LUNG1_124,51.37323,1
LUNG1,LUNG1_126,27.98254,1
LUNG1,LUNG1_128,34.24938,1
LUNG1,LUNG1_129,44.40815,1
LUNG1,LUNG1_130,54.23691,1
LUNG1,LUNG1_131,59.97007,1
LUNG1,LUNG1_132,38.20698,1
LUNG1,LUNG1_135,52.84788,1
LUNG1,LUNG1_136,42.30091,1
LUNG1,LUNG1_137,56.2128,1
LUNG1,LUNG1_139,41.18038,1
LUNG1,LUNG1_140,52.48545,1
LUNG1,LUNG1_141,49.22028,1
LUNG1,LUNG1_142,38.1862,1
LUNG1,LUNG1_145,43.05819,1
LUNG1,LUNG1_146,61.91438,1
LUNG1,LUNG1_147,55.86949,1
LUNG1,LUNG1_150,32.78304,1
LUNG1,LUNG1_151,51.2261,1
LUNG1,LUNG1_152,63.87614,1
LUNG1,LUNG1_156,47.43392,1
LUNG1,LUNG1_157,46.85037,1
LUNG1,LUNG1_161,41.7739,1
LUNG1,LUNG1_163,54.71072,1
LUNG1,LUNG1_164,52.8005,1
LUNG1,LUNG1_165,59.07564,1
LUNG1,LUNG1_166,64.56027,1
LUNG1,LUNG1_167,60.31006,1
LUNG1,LUNG1_169,56.31255,1
LUNG1,LUNG1_170,6.56775,1
LUNG1,LUNG1_171,62.33583,1
LUNG1,LUNG1_174,55.6118,1
LUNG1,LUNG1_176,42.96592,1
LUNG1,LUNG1_177,51.25021,1
LUNG1,LUNG1_178,55.00665,1
LUNG1,LUNG1_179,46.49127,1
LUNG1,LUNG1_180,48.82294,1
LUNG1,LUNG1_182,42.62677,1
LUNG1,LUNG1_183,36.47049,1
LUNG1,LUNG1_184,49.532,1
LUNG1,LUNG1_186,45.12968,1
LUNG1,LUNG1_188,51.60266,1
LUNG1,LUNG1_189,45.27182,1
LUNG1,LUNG1_190,40.36908,1
LUNG1,LUNG1_191,48.04406,1
LUNG1,LUNG1_192,40.29593,1
LUNG1,LUNG1_195,48.35411,1
LUNG1,LUNG1_196,48.86451,1
LUNG1,LUNG1_198,43.85453,1
LUNG1,LUNG1_199,59.33915,1
LUNG1,LUNG1_201,40.89194,1
LUNG1,LUNG1_202,46.35328,1
LUNG1,LUNG1_204,54.98254,1
LUNG1,LUNG1_205,51.6143,1
LUNG1,LUNG1_206,27.30673,1
LUNG1,LUNG1_207,47.08063,1
LUNG1,LUNG1_208,50.61762,1
LUNG1,LUNG1_210,48.96924,1
LUNG1,LUNG1_211,8.28845,1
LUNG1,LUNG1_212,52.09061,1
LUNG1,LUNG1_213,49.19285,1
LUNG1,LUNG1_214,51.47963,1
LUNG1,LUNG1_215,45.59268,1
LUNG1,LUNG1_216,49.18288,1
LUNG1,LUNG1_217,44.31172,1
LUNG1,LUNG1_218,55.04572,1
LUNG1,LUNG1_220,42.70158,1
LUNG1,LUNG1_221,51.49044,1
LUNG1,LUNG1_224,48.44638,1
LUNG1,LUNG1_225,25.5079,1
LUNG1,LUNG1_226,60.14796,1
LUNG1,LUNG1_227,51.00582,1
LUNG1,LUNG1_228,54.97672,1
LUNG1,LUNG1_229,49.60017,1
LUNG1,LUNG1_230,44.5054,1
LUNG1,LUNG1_231,44.87116,1
LUNG1,LUNG1_234,50.74314,1
LUNG1,LUNG1_236,51.23192,1
LUNG1,LUNG1_238,47.66999,1
LUNG1,LUNG1_239,30.28263,1
LUNG1,LUNG1_240,26.51205,1
LUNG1,LUNG1_243,43.08396,1
LUNG1,LUNG1_244,56.52868,1
LUNG1,LUNG1_245,45.35411,1
LUNG1,LUNG1_249,54.71737,1
LUNG1,LUNG1_250,45.2552,1
LUNG1,LUNG1_251,55.72901,1
LUNG1,LUNG1_252,41.67581,1
LUNG1,LUNG1_254,46.62344,1
LUNG1,LUNG1_255,49.202,1
LUNG1,LUNG1_256,52.46384,1
LUNG1,LUNG1_257,49.1729,1
LUNG1,LUNG1_258,46.72818,1
LUNG1,LUNG1_259,51.02328,1
LUNG1,LUNG1_263,50.53034,1
LUNG1,LUNG1_264,43.08728,1
LUNG1,LUNG1_265,53.95761,1
LUNG1,LUNG1_268,50.23441,1
LUNG1,LUNG1_269,50.30091,1
LUNG1,LUNG1_270,56.04489,1
LUNG1,LUNG1_272,49.2685,1
LUNG1,LUNG1_273,47.90274,1
LUNG1,LUNG1_274,47.82128,1
LUNG1,LUNG1_275,35.68828,1
LUNG1,LUNG1_276,40.12718,1
LUNG1,LUNG1_278,57.54032,1
LUNG1,LUNG1_279,49.55445,1
LUNG1,LUNG1_280,55.00416,1
LUNG1,LUNG1_282,44.67664,1
LUNG1,LUNG1_283,53.83292,1
LUNG1,LUNG1_284,52.45802,1
LUNG1,LUNG1_285,49.12718,1
LUNG1,LUNG1_286,40.0266,1
LUNG1,LUNG1_287,50.74314,1
LUNG1,LUNG1_288,46.64838,1
LUNG1,LUNG1_290,57.02411,1
LUNG1,LUNG1_291,52.02078,1
LUNG1,LUNG1_293,48.4655,1
LUNG1,LUNG1_294,50.14796,1
LUNG1,LUNG1_295,44.51538,1
LUNG1,LUNG1_296,55.17623,1
LUNG1,LUNG1_297,46.71904,1
LUNG1,LUNG1_299,53.9069,1
LUNG1,LUNG1_300,49.30341,1
LUNG1,LUNG1_301,40.35744,1
LUNG1,LUNG1_307,57.15295,1
LUNG1,LUNG1_311,58.41313,1
LUNG1,LUNG1_312,50.59684,1
LUNG1,LUNG1_313,44.70906,1
LUNG1,LUNG1_314,47.43059,1
LUNG1,LUNG1_316,54.72153,1
LUNG1,LUNG1_318,51.2419,1
LUNG1,LUNG1_320,52.90441,1
LUNG1,LUNG1_321,59.00914,1
LUNG1,LUNG1_322,51.62843,1
LUNG1,LUNG1_324,50.7448,1
LUNG1,LUNG1_325,40.85037,1
LUNG1,LUNG1_326,49.61679,1
LUNG1,LUNG1_327,59.65669,1
LUNG1,LUNG1_328,56.74148,1
LUNG1,LUNG1_330,56.27016,1
LUNG1,LUNG1_331,44.93101,1
LUNG1,LUNG1_332,52.81712,1
LUNG1,LUNG1_333,31.62095,1
LUNG1,LUNG1_334,43.99252,1
LUNG1,LUNG1_335,50.64589,1
LUNG1,LUNG1_336,49.31006,1
LUNG1,LUNG1_337,51.09892,1
LUNG1,LUNG1_338,43.29842,1
LUNG1,LUNG1_339,39.29011,1
LUNG1,LUNG1_341,54.54364,1
LUNG1,LUNG1_343,51.51205,1
LUNG1,LUNG1_344,46.97174,1
LUNG1,LUNG1_345,49.85952,1
LUNG1,LUNG1_346,63.91937,1
LUNG1,LUNG1_347,62.24273,1
LUNG1,LUNG1_348,52.12303,1
LUNG1,LUNG1_349,33.37323,1
LUNG1,LUNG1_351,56.28096,1
LUNG1,LUNG1_352,50.57689,1
LUNG1,LUNG1_353,48.23525,1
LUNG1,LUNG1_357,49.44722,1
LUNG1,LUNG1_359,56.16293,1
LUNG1,LUNG1_360,48.99418,1
LUNG1,LUNG1_364,47.01413,1
LUNG1,LUNG1_365,51.49377,1
LUNG1,LUNG1_366,53.25852,1
LUNG1,LUNG1_368,38.81297,1
LUNG1,LUNG1_372,46.21197,1
LUNG1,LUNG1_373,56.01081,1
LUNG1,LUNG1_375,49.71072,1
LUNG1,LUNG1_378,47.78138,1
LUNG1,LUNG1_379,54.32835,1
LUNG1,LUNG1_382,31.02743,1
LUNG1,LUNG1_383,27.63342,1
LUNG1,LUNG1_387,52.79967,1
LUNG1,LUNG1_388,55.3591,1
LUNG1,LUNG1_389,48.27515,1
LUNG1,LUNG1_392,48.29177,1
LUNG1,LUNG1_393,12.58603,1
LUNG1,LUNG1_396,55.81546,1
LUNG1,LUNG1_397,54.0532,1
LUNG1,LUNG1_398,51.66584,1
LUNG1,LUNG1_399,55.62926,1
LUNG1,LUNG1_400,53.36991,1
LUNG1,LUNG1_401,46.40233,1
LUNG1,LUNG1_402,51.25353,1
LUNG1,LUNG1_403,15.60266,1
LUNG1,LUNG1_404,41.20615,1
LUNG1,LUNG1_405,41.59518,1
LUNG1,LUNG1_407,48.00499,1
LUNG1,LUNG1_409,49.37074,1
LUNG1,LUNG1_413,47.02909,1
LUNG1,LUNG1_414,47.5054,1
LUNG1,LUNG1_415,50.83042,1
LUNG1,LUNG1_416,53.79052,1
LUNG1,LUNG1_417,48.69909,1
LUNG1,LUNG1_418,24.7207,1
LUNG1,LUNG1_421,49.69327,1
LUNG1,LUNG1_422,51.96841,1
MIDRC-RICORD,MIDRC-RICORD-1A-419639-000082,40.85702,1
MIDRC-RICORD,MIDRC-RICORD-1A-419639-000361,31.43724,1
MIDRC-RICORD,MIDRC-RICORD-1A-419639-000421,49.0266,1
MIDRC-RICORD,MIDRC-RICORD-1A-419639-000800,57.20116,1
MIDRC-RICORD,MIDRC-RICORD-1A-419639-001085,59.9601,1
MIDRC-RICORD,MIDRC-RICORD-1A-419639-001446,59.99169,1
MIDRC-RICORD,MIDRC-RICORD-1A-419639-001476,53.87864,1
MIDRC-RICORD,MIDRC-RICORD-1A-440808-000011,65.69244,1
MIDRC-RICORD,MIDRC-RICORD-1A-660042-000008,63.00416,1
MIDRC-RICORD,MIDRC-RICORD-1A-660042-000020,61.81131,1
MIDRC-RICORD,MIDRC-RICORD-1A-660042-000036,60.77057,1
MIDRC-RICORD,MIDRC-RICORD-1A-660042-000047,33.03242,1
MIDRC-RICORD,MIDRC-RICORD-1A-660042-000053,54.6517,1
MIDRC-RICORD,MIDRC-RICORD-1A-660042-000073,60.3458,1
MIDRC-RICORD,MIDRC-RICORD-1A-660042-000097,49.89609,1
MIDRC-RICORD,MIDRC-RICORD-1A-660042-000100,57.74979,1
MIDRC-RICORD,MIDRC-RICORD-1A-660042-000107,34.31837,1
MIDRC-RICORD,MIDRC-RICORD-1A-660042-000124,53.45387,1
MIDRC-RICORD,MIDRC-RICORD-1A-660042-000149,24.61845,1
MIDRC-RICORD,MIDRC-RICORD-1A-660042-000150,49.63425,1
MIDRC-RICORD,MIDRC-RICORD-1A-660042-000153,49.71904,1
MIDRC-RICORD,MIDRC-RICORD-1A-660042-000163,28.63342,1
MIDRC-RICORD,MIDRC-RICORD-1A-SITE2-000001,54.35744,1
MIDRC-RICORD,MIDRC-RICORD-1A-SITE2-000004,62.54697,1
MIDRC-RICORD,MIDRC-RICORD-1A-SITE2-000007,48.98171,1
MIDRC-RICORD,MIDRC-RICORD-1A-SITE2-000011,51.72818,1
MIDRC-RICORD,MIDRC-RICORD-1A-SITE2-000016,42.43142,1
MIDRC-RICORD,MIDRC-RICORD-1A-SITE2-000019,52.71405,1
MIDRC-RICORD,MIDRC-RICORD-1A-SITE2-000020,31.64921,1
MIDRC-RICORD,MIDRC-RICORD-1A-SITE2-000022,34.80549,1
MIDRC-RICORD,MIDRC-RICORD-1A-SITE2-000023,48.81712,1
MIDRC-RICORD,MIDRC-RICORD-1A-SITE2-000024,39.01746,1
MIDRC-RICORD,MIDRC-RICORD-1A-SITE2-000028,25.60017,1
MIDRC-RICORD,MIDRC-RICORD-1A-SITE2-000037,8.31255,1
MIDRC-RICORD,MIDRC-RICORD-1A-SITE2-000038,38.14713,1
MIDRC-RICORD,MIDRC-RICORD-1A-SITE2-000039,48.25769,1
MIDRC-RICORD,MIDRC-RICORD-1A-SITE2-000046,47.665,1
MIDRC-RICORD,MIDRC-RICORD-1A-SITE2-000048,35.0266,1
MIDRC-RICORD,MIDRC-RICORD-1A-SITE2-000051,59.87781,1
MIDRC-RICORD,MIDRC-RICORD-1A-SITE2-000064,39.2261,1
MIDRC-RICORD,MIDRC-RICORD-1A-SITE2-000065,42.01663,1
MIDRC-RICORD,MIDRC-RICORD-1A-SITE2-000096,44.15877,1
MIDRC-RICORD,MIDRC-RICORD-1A-SITE2-000099,41.88113,1
MIDRC-RICORD,MIDRC-RICORD-1A-SITE2-000105,55.37739,1
MIDRC-RICORD,MIDRC-RICORD-1A-SITE2-000110,60.54364,1
MIDRC-RICORD,MIDRC-RICORD-1A-SITE2-000114,61.96592,1
MIDRC-RICORD,MIDRC-RICORD-1A-SITE2-000115,48.23358,1
MIDRC-RICORD,MIDRC-RICORD-1A-SITE2-000119,33.95262,1
MIDRC-RICORD,MIDRC-RICORD-1A-SITE2-000123,47.00914,1
MIDRC-RICORD,MIDRC-RICORD-1A-SITE2-000125,48.9601,1
MIDRC-RICORD,MIDRC-RICORD-1A-SITE2-000143,24.31837,1
MIDRC-RICORD,MIDRC-RICORD-1A-SITE2-000154,50.65254,1
MIDRC-RICORD,MIDRC-RICORD-1A-SITE2-000160,60.60432,1
MIDRC-RICORD,MIDRC-RICORD-1A-SITE2-000174,49.01413,1
MIDRC-RICORD,MIDRC-RICORD-1A-SITE2-000187,41.19867,1
MIDRC-RICORD,MIDRC-RICORD-1A-SITE2-000194,47.26351,1
MIDRC-RICORD,MIDRC-RICORD-1A-SITE2-000198,63.24938,1
MIDRC-RICORD,MIDRC-RICORD-1A-SITE2-000200,60.75062,1
MIDRC-RICORD,MIDRC-RICORD-1A-SITE2-000206,27.38487,1
MIDRC-RICORD,MIDRC-RICORD-1A-SITE2-000223,57,1
MIDRC-RICORD,MIDRC-RICORD-1A-SITE2-000236,51.19618,1
MIDRC-RICORD,MIDRC-RICORD-1A-SITE2-000244,48.29011,1
MIDRC-RICORD,MIDRC-RICORD-1A-SITE2-000245,47.08063,1
MIDRC-RICORD,MIDRC-RICORD-1A-SITE2-000248,53.14131,1
MIDRC-RICORD,MIDRC-RICORD-1A-SITE2-000259,50.44805,1
MIDRC-RICORD,MIDRC-RICORD-1A-SITE2-000275,45.06567,1
MIDRC-RICORD,MIDRC-RICORD-1A-SITE2-000293,50.81796,1
MIDRC-RICORD,MIDRC-RICORD-1B-419639-000340,68.22195,1
MIDRC-RICORD,MIDRC-RICORD-1B-419639-000350,42.3616,1
MIDRC-RICORD,MIDRC-RICORD-1B-419639-000425,56.16542,1
MIDRC-RICORD,MIDRC-RICORD-1B-419639-000824,67.27099,1
MIDRC-RICORD,MIDRC-RICORD-1B-419639-001232,42.29593,1
MIDRC-RICORD,MIDRC-RICORD-1B-419639-001866,28.84705,1
MIDRC-RICORD,MIDRC-RICORD-1B-419639-003018,46.34331,1
MIDRC-RICORD,MIDRC-RICORD-1B-660042-000178,59.88861,1
MIDRC-RICORD,MIDRC-RICORD-1B-660042-000184,35.51288,1
MIDRC-RICORD,MIDRC-RICORD-1B-660042-000185,56.08146,1
MIDRC-RICORD,MIDRC-RICORD-1B-660042-000186,48.51039,1
MIDRC-RICORD,MIDRC-RICORD-1B-660042-000188,52.52535,1
MIDRC-RICORD,MIDRC-RICORD-1B-660042-000196,56.47132,1
MIDRC-RICORD,MIDRC-RICORD-1B-660042-000199,45.16459,1
MIDRC-RICORD,MIDRC-RICORD-1B-660042-000200,58.94514,1
MIDRC-RICORD,MIDRC-RICORD-1B-660042-000202,29.02993,1
MIDRC-RICORD,MIDRC-RICORD-1B-660042-000209,52.97091,1
MIDRC-RICORD,MIDRC-RICORD-1B-660042-000213,53.74148,1
MIDRC-RICORD,MIDRC-RICORD-1B-660042-000216,45.75727,1
MIDRC-RICORD,MIDRC-RICORD-1B-660042-000217,61.41147,1
MIDRC-RICORD,MIDRC-RICORD-1B-660042-000218,56.37157,1
MIDRC-RICORD,MIDRC-RICORD-1B-660042-000220,56.23691,1
MIDRC-RICORD,MIDRC-RICORD-1B-660042-000224,69.41646,1
MIDRC-RICORD,MIDRC-RICORD-1B-660042-000227,57.2818,1
MIDRC-RICORD,MIDRC-RICORD-1B-660042-000228,64.87032,1
MIDRC-RICORD,MIDRC-RICORD-1B-660042-000232,49.84456,1
MIDRC-RICORD,MIDRC-RICORD-1B-660042-000236,64.40067,1
MIDRC-RICORD,MIDRC-RICORD-1B-660042-000238,58.74647,1
MIDRC-RICORD,MIDRC-RICORD-1B-660042-000242,66.46717,1
MIDRC-RICORD,MIDRC-RICORD-1B-660042-000244,64.27598,1
MIDRC-RICORD,MIDRC-RICORD-1B-660042-000249,60.17124,1
MIDRC-RICORD,MIDRC-RICORD-1B-660042-000256,61.91521,1
MIDRC-RICORD,MIDRC-RICORD-1B-660042-000259,44.54863,1
MIDRC-RICORD,MIDRC-RICORD-1B-660042-000260,23.5054,1
MIDRC-RICORD,MIDRC-RICORD-1B-SITE2-000312,55.19534,1
MIDRC-RICORD,MIDRC-RICORD-1B-SITE2-000319,25.62344,1
MIDRC-RICORD,MIDRC-RICORD-1B-SITE2-000334,55.11139,1
MIDRC-RICORD,MIDRC-RICORD-1B-SITE2-000343,46.37074,1
MIDRC-RICORD,MIDRC-RICORD-1B-SITE2-000348,51.02743,1
MIDRC-RICORD,MIDRC-RICORD-1B-SITE2-000349,57.85121,1
MIDRC-RICORD,MIDRC-RICORD-1B-SITE2-000353,51.86284,1
MIDRC-RICORD,MIDRC-RICORD-1B-SITE2-000390,57.36326,1
MIDRC-RICORD,MIDRC-RICORD-1B-SITE2-000416,55.87199,1
MIDRC-RICORD,MIDRC-RICORD-1B-SITE2-000438,59.41064,1
MIDRC-RICORD,MIDRC-RICORD-1B-SITE2-000455,36.82461,1
MIDRC-RICORD,MIDRC-RICORD-1B-SITE2-000467,62.42394,1
MIDRC-RICORD,MIDRC-RICORD-1B-SITE2-000469,61.38736,1
MIDRC-RICORD,MIDRC-RICORD-1B-SITE2-000474,65.53782,1
MIDRC-RICORD,MIDRC-RICORD-1B-SITE2-000513,51.13633,1
MIDRC-RICORD,MIDRC-RICORD-1B-SITE2-000516,54.01995,1
MIDRC-RICORD,MIDRC-RICORD-1B-SITE2-000519,58.03824,1
MIDRC-RICORD,MIDRC-RICORD-1B-SITE2-000522,49.40565,1
MIDRC-RICORD,MIDRC-RICORD-1B-SITE2-000537,64.01247,1
MIDRC-RICORD,MIDRC-RICORD-1B-SITE2-000541,67.32336,1
MIDRC-RICORD,MIDRC-RICORD-1B-SITE2-000550,62.97174,1
MIDRC-RICORD,MIDRC-RICORD-1B-SITE2-000553,64.29177,1
MIDRC-RICORD,MIDRC-RICORD-1B-SITE2-000562,69.76392,1
MIDRC-RICORD,MIDRC-RICORD-1B-SITE2-000574,66.16625,1
MIDRC-RICORD,MIDRC-RICORD-1B-SITE2-000588,59.66251,1
MIDRC-RICORD,MIDRC-RICORD-1B-SITE2-000591,57.86201,1
MIDRC-RICORD,MIDRC-RICORD-1B-SITE2-000593,58.30008,1
RIDER,RIDER_000,62.798,1
RIDER,RIDER_001,62.28845,1
RIDER,RIDER_003,55.72153,1
RIDER,RIDER_004,67.7182,1
RIDER,RIDER_005,68.26933,1
RIDER,RIDER_006,64.50125,1
RIDER,RIDER_007,63.96758,1
RIDER,RIDER_008,58.42311,1
RIDER,RIDER_009,61.17623,1
RIDER,RIDER_012,62.80881,1
RIDER,RIDER_013,61.44472,1
RIDER,RIDER_016,61.266,1
RIDER,RIDER_017,59.55943,1
RIDER,RIDER_018,62.33749,1
RIDER,RIDER_019,62.51288,1
RIDER,RIDER_020,-7.28595,1
RIDER,RIDER_021,-1.41812,1
RIDER,RIDER_022,65.40732,1
RIDER,RIDER_023,67.53533,1
RIDER,RIDER_024,60.87531,1
RIDER,RIDER_025,67.08313,1
RIDER,RIDER_026,65.61762,1
RIDER,RIDER_027,68.49377,1
RIDER,RIDER_028,71.71987,1
RIDER,RIDER_029,71.12053,1
RIDER,RIDER_030,64.02909,1
RIDER,RIDER_031,63.36492,1
RIDER,RIDER_032,45.0931,1
RIDER,RIDER_033,45.60848,1
RIDER,RIDER_034,51.70324,1
RIDER,RIDER_035,54.77722,1
RIDER,RIDER_036,61.51122,1
RIDER,RIDER_037,62.37988,1
RIDER,RIDER_038,52.33832,1
RIDER,RIDER_039,54.95428,1
RIDER,RIDER_040,65.4788,1
RIDER,RIDER_041,68.7049,1
RIDER,RIDER_042,42.87199,1
RIDER,RIDER_043,41.7315,1
RIDER,RIDER_044,60.72153,1
RIDER,RIDER_045,62.07315,1
RIDER,RIDER_046,68.55195,1
RIDER,RIDER_047,65.70407,1
RIDER,RIDER_048,64.10973,1
RIDER,RIDER_049,63.99501,1
RIDER,RIDER_050,67.51953,1
RIDER,RIDER_051,69.75977,1
RIDER,RIDER_052,62.8138,1
RIDER,RIDER_053,66.3591,1
RIDER,RIDER_054,71.61845,1
RIDER,RIDER_055,65.86035,1
RIDER,RIDER_056,64.17955,1
RIDER,RIDER_057,64.95511,1
RIDER,RIDER_058,55.50208,1
RIDER,RIDER_059,72.45054,1
RIDER,RIDER_060,71.60931,1
RIDER,RIDER_062,51.82959,1
VESSEL12,VESSEL12_01,49.399,1
VESSEL12,VESSEL12_02,50.45802,1
VESSEL12,VESSEL12_03,66.7473,1
VESSEL12,VESSEL12_04,66.33915,1
VESSEL12,VESSEL12_05,58.56276,1
VESSEL12,VESSEL12_07,59.4788,1
VESSEL12,VESSEL12_08,48.04988,1
VESSEL12,VESSEL12_14,58.05486,1
VESSEL12,VESSEL12_16,56.25187,1
VESSEL12,VESSEL12_18,40.63175,1
VESSEL12,VESSEL12_19,61.96176,1
VESSEL12,VESSEL12_20,63.87947,1
covid_china,covid_0700,54.7063,0
covid_china,covid_0701,59.8407,0
covid_china,covid_0702,44.031,0
covid_china,covid_0703,42.0273,0
covid_china,covid_0704,56.4772,0
covid_china,covid_0705,55.2843,0
covid_china,covid_0706,63.0963,0
covid_china,covid_0707,36.278,0
covid_china,covid_0708,68.0533,0
covid_china,covid_0709,60.3606,0
covid_china,covid_0710,51.4444,0
covid_china,covid_0712,51.4444,0
covid_china,covid_0713,60.0757,0
covid_china,covid_0714,63.2385,0
covid_china,covid_0715,64.4656,0
covid_china,covid_0716,59.0144,0
covid_china,covid_0717,60.7644,0
covid_china,covid_0718,61.1047,0
covid_china,covid_0719,66.1695,0
covid_china,covid_0720,64.2814,0
covid_china,covid_0721,64.6234,0
covid_china,covid_0722,50.9514,0
covid_china,covid_0723,66.8945,0
covid_china,covid_0733,60.816,0
covid_china,covid_0734,42.8419,0
covid_china,covid_0735,69.9709,0
covid_china,covid_0736,49.8202,0
covid_china,covid_0737,61.6621,0
covid_china,covid_0738,59.2763,0
covid_italy,covid_italy_01,65.7224,0
covid_italy,covid_italy_02,61.1041,0
covid_italy,covid_italy_03,51.0744,0
covid_italy,covid_italy_04,47.2379,0
covid_italy,covid_italy_05,69.0897,0
covid_italy,covid_italy_06,43.7787,0
covid_italy,covid_italy_07,53.5846,0
covid_italy,covid_italy_08,63.0497,0
covid_italy,covid_italy_09,62.6463,0
covid_italy,covid_italy_11,60.8767,0
covid_italy,covid_italy_13,52.4632,0
covid_italy,covid_italy_14,39.6727,0
covid_italy,covid_italy_15,46.8157,0
covid_italy,covid_italy_16,35.3417,0
covid_italy,covid_italy_17,69.2548,0
covid_italy,covid_italy_18,56.6376,0
covid_italy,covid_italy_20,55.0224,0
covid_italy,covid_italy_21,63.5182,0
covid_italy,covid_italy_22,67.4147,0
covid_italy,covid_italy_23,52.765,0
covid_italy,covid_italy_24,61.5875,0
covid_italy,covid_italy_25,68.5532,0
covid_italy,covid_italy_26,67.3585,0
covid_italy,covid_italy_27,59.9468,0
covid_italy,covid_italy_28,68.438,0
covid_italy,covid_italy_29,46.7213,0
covid_italy,covid_italy_30,61.3219,0
covid_italy,covid_italy_31,48.4148,0
covid_italy,covid_italy_32,59.0033,0
covid_italy,covid_italy_33,41.768,0
covid_italy,covid_italy_34,66.2244,0
covid_italy,covid_italy_35,62.1817,0
covid_italy,covid_italy_36,28.1572,0
covid_italy,covid_italy_37,50.9433,0
covid_italy,covid_italy_38,61.0868,0
covid_italy,covid_italy_39,51.9569,0
covid_italy,covid_italy_40,67.7177,0
covid_italy,covid_italy_41,45.8709,0
covid_italy,covid_italy_42,75.2029,0
covid_italy,covid_italy_43,54.0775,0
covid_italy,covid_italy_44,62.0498,0
covid_italy,covid_italy_45,54.9302,0
covid_italy,covid_italy_46,59.1429,0
covid_italy,covid_italy_47,54.0831,0
covid_italy,covid_italy_48,34.7091,0
covid_italy,covid_italy_49,28.5415,0
covid_italy,covid_italy_50,58.2494,0
covid_italy,covid_italy_51,55.8857,0
covid_italy,covid_italy_53,49.8398,0
covid_italy,covid_italy_54,58.0678,0
covid_italy,covid_italy_56,68.5546,0
covid_italy,covid_italy_60,15.5612,0
covid_italy,covid_italy_61,39.7421,0
covid_italy,covid_italy_63,59.408,0
covid_italy,covid_italy_65,49.4525,0
covid_italy,covid_italy_66,42.0369,0
covid_italy,covid_italy_67,31.6211,0
covid_italy,covid_italy_68,49.5062,0
covid_italy,covid_italy_69,38.6246,0
covid_italy,covid_italy_70,53.8442,0
covid_italy,covid_italy_71,38.1274,0
covid_italy,covid_italy_72,46.8577,0
covid_italy,covid_italy_73,56.7671,0
covid_italy,covid_italy_74,62.0626,0
covid_italy,covid_italy_75,60.1429,0
covid_italy,covid_italy_76,54.0084,0
covid_italy,covid_italy_77,45.8829,0
covid_italy,covid_italy_78,55.2835,0
covid_italy,covid_italy_79,45.5481,0
covid_italy,covid_italy_80,39.3156,0
covid_italy,covid_italy_81,51.5801,0
LIDC_IDRI,LIDC_IDRI_0039,59.58833,0
LIDC_IDRI,LIDC_IDRI_0048,64.65457,0
LIDC_IDRI,LIDC_IDRI_0108,50.92392,0
LIDC_IDRI,LIDC_IDRI_0269,64.8792,0
LIDC_IDRI,LIDC_IDRI_0293,73.2629,0
LIDC_IDRI,LIDC_IDRI_0320,31.6378,0
LIDC_IDRI,LIDC_IDRI_0328,64.2685,0
LIDC_IDRI,LIDC_IDRI_0341,60.0611,0
LIDC_IDRI,LIDC_IDRI_0349,64.2884,0
LIDC_IDRI,LIDC_IDRI_0350,71.8543,0
LIDC_IDRI,LIDC_IDRI_0351,66.471,0
LIDC_IDRI,LIDC_IDRI_0370,20.1214,0
LIDC_IDRI,LIDC_IDRI_0372,59.4585,0
LIDC_IDRI,LIDC_IDRI_0373,66.595,0
LIDC_IDRI,LIDC_IDRI_0397,68.7056,0
LIDC_IDRI,LIDC_IDRI_0400,63.5153,0
LIDC_IDRI,LIDC_IDRI_0408,65.3559,0
LIDC_IDRI,LIDC_IDRI_0416,61.1237,0
LIDC_IDRI,LIDC_IDRI_0448,70.666,0
LIDC_IDRI,LIDC_IDRI_0455,64.2042,0
LIDC_IDRI,LIDC_IDRI_0463,63.0965,0
LIDC_IDRI,LIDC_IDRI_0464,68.0918,0
LIDC_IDRI,LIDC_IDRI_0465,67.6768,0
LIDC_IDRI,LIDC_IDRI_0491,70.8405,0
LIDC_IDRI,LIDC_IDRI_0494,68.5896,0
LIDC_IDRI,LIDC_IDRI_0501,72.9036,0
LIDC_IDRI,LIDC_IDRI_0532,49.2171,0
LIDC_IDRI,LIDC_IDRI_0536,66.5329,0
LIDC_IDRI,LIDC_IDRI_0549,56.3716,0
LIDC_IDRI,LIDC_IDRI_0573,67.4145,0
LIDC_IDRI,LIDC_IDRI_0579,47.485,0
LIDC_IDRI,LIDC_IDRI_0581,60.6308,0
LIDC_IDRI,LIDC_IDRI_0584,69.7989,0
LIDC_IDRI,LIDC_IDRI_0586,72.8448,0
LIDC_IDRI,LIDC_IDRI_0600,58.0057,0
LIDC_IDRI,LIDC_IDRI_0602,65.7816,0
LIDC_IDRI,LIDC_IDRI_0621,47.2568,0
LIDC_IDRI,LIDC_IDRI_0641,68.1408,0
LIDC_IDRI,LIDC_IDRI_0643,53.6223,0
LIDC_IDRI,LIDC_IDRI_0646,58.7978,0
LIDC_IDRI,LIDC_IDRI_0655,60.8439,0
LIDC_IDRI,LIDC_IDRI_0669,75.538,0
LIDC_IDRI,LIDC_IDRI_0676,72.8902,0
LIDC_IDRI,LIDC_IDRI_0693,47.929,0
LIDC_IDRI,LIDC_IDRI_0701,65.3481,0
LIDC_IDRI,LIDC_IDRI_0726,69.4594,0
LIDC_IDRI,LIDC_IDRI_0731,61.1742,0
LIDC_IDRI,LIDC_IDRI_0734,60.8058,0
LIDC_IDRI,LIDC_IDRI_0745,57.754,0
LIDC_IDRI,LIDC_IDRI_0748,44.4182,0
LIDC_IDRI,LIDC_IDRI_0752,69.8901,0
LIDC_IDRI,LIDC_IDRI_0759,66.3133,0
LIDC_IDRI,LIDC_IDRI_0760,62.7245,0
LIDC_IDRI,LIDC_IDRI_0770,45.7119,0
LIDC_IDRI,LIDC_IDRI_0777,51.8445,0
LIDC_IDRI,LIDC_IDRI_0778,76.769,0
LIDC_IDRI,LIDC_IDRI_0786,56.6971,0
LIDC_IDRI,LIDC_IDRI_0804,34.1339,0
LIDC_IDRI,LIDC_IDRI_0806,68.3707,0
LIDC_IDRI,LIDC_IDRI_0840,64.1546,0
LIDC_IDRI,LIDC_IDRI_0845,57.1695,0
LIDC_IDRI,LIDC_IDRI_0849,42.5339,0
LIDC_IDRI,LIDC_IDRI_0869,56.3066,0
LIDC_IDRI,LIDC_IDRI_0881,51.2134,0
LIDC_IDRI,LIDC_IDRI_0902,64.7695,0
LIDC_IDRI,LIDC_IDRI_0916,64.2705,0
LIDC_IDRI,LIDC_IDRI_0918,64.1951,0
LIDC_IDRI,LIDC_IDRI_0919,72.1392,0
LIDC_IDRI,LIDC_IDRI_0920,55.1896,0
LIDC_IDRI,LIDC_IDRI_0922,66.2434,0
LIDC_IDRI,LIDC_IDRI_0934,69.5279,0
LIDC_IDRI,LIDC_IDRI_0954,58.6762,0
LIDC_IDRI,LIDC_IDRI_0960,66.2444,0
LIDC_IDRI,LIDC_IDRI_0964,68.1856,0
LIDC_IDRI,LIDC_IDRI_0973,59.9903,0
LIDC_IDRI,LIDC_IDRI_0977,59.5147,0
LIDC_IDRI,LIDC_IDRI_0981,74.5582,0
LIDC_IDRI,LIDC_IDRI_0987,70.3151,0
LIDC_IDRI,LIDC_IDRI_1007,56.79295,0
LIDC_IDRI,LIDC_IDRI_1008,49.12771,0
LUNG1,LUNG1_001,50.33394,0
LUNG1,LUNG1_007,52.90716,0
LUNG1,LUNG1_015,62.82256,0
LUNG1,LUNG1_019,54.55305,0
LUNG1,LUNG1_029,57.25111,0
LUNG1,LUNG1_031,58.02513,0
LUNG1,LUNG1_032,48.17683,0
LUNG1,LUNG1_039,53.19187,0
LUNG1,LUNG1_041,54.7538,0
LUNG1,LUNG1_047,57.66578,0
LUNG1,LUNG1_049,53.88683,0
LUNG1,LUNG1_051,51.76603,0
LUNG1,LUNG1_052,46.82582,0
LUNG1,LUNG1_054,57.66313,0
LUNG1,LUNG1_057,61.13882,0
LUNG1,LUNG1_060,42.32874,0
LUNG1,LUNG1_063,34.65138,0
LUNG1,LUNG1_068,50.7206,0
LUNG1,LUNG1_072,51.5078,0
LUNG1,LUNG1_077,54.28559,0
LUNG1,LUNG1_084,61.73828,0
LUNG1,LUNG1_087,51.83016,0
LUNG1,LUNG1_090,44.91247,0
LUNG1,LUNG1_098,36.99823,0
LUNG1,LUNG1_099,55.74536,0
LUNG1,LUNG1_100,53.16711,0
LUNG1,LUNG1_102,51.51636,0
LUNG1,LUNG1_106,34.21132,0
LUNG1,LUNG1_109,52.46773,0
LUNG1,LUNG1_113,56.3634,0
LUNG1,LUNG1_114,51.30946,0
LUNG1,LUNG1_115,51.53935,0
LUNG1,LUNG1_116,62.14324,0
LUNG1,LUNG1_119,64.46508,0
LUNG1,LUNG1_120,52.72325,0
LUNG1,LUNG1_121,64.13617,0
LUNG1,LUNG1_122,51.51989,0
LUNG1,LUNG1_123,24.6985,0
LUNG1,LUNG1_124,53.2405,0
LUNG1,LUNG1_126,28.11671,0
LUNG1,LUNG1_128,30.99823,0
LUNG1,LUNG1_129,49.42971,0
LUNG1,LUNG1_130,54.72591,0
LUNG1,LUNG1_131,64.25022,0
LUNG1,LUNG1_132,39.21397,0
LUNG1,LUNG1_135,54.42794,0
LUNG1,LUNG1_136,43.93722,0
LUNG1,LUNG1_137,57.33687,0
LUNG1,LUNG1_139,44.15119,0
LUNG1,LUNG1_140,52.78603,0
LUNG1,LUNG1_141,51.14471,0
LUNG1,LUNG1_142,44.41594,0
LUNG1,LUNG1_145,42.62246,0
LUNG1,LUNG1_146,63.25111,0
LUNG1,LUNG1_147,55.0221,0
LUNG1,LUNG1_150,32.80371,0
LUNG1,LUNG1_151,48.34483,0
LUNG1,LUNG1_152,63.72944,0
LUNG1,LUNG1_156,48.06012,0
LUNG1,LUNG1_157,47.66932,0
LUNG1,LUNG1_161,39.47569,0
LUNG1,LUNG1_163,57.30681,0
LUNG1,LUNG1_164,49.00618,0
LUNG1,LUNG1_165,62.75774,0
LUNG1,LUNG1_166,62.27763,0
LUNG1,LUNG1_167,60.40141,0
LUNG1,LUNG1_169,55.94076,0
LUNG1,LUNG1_170,-13.79045,0
LUNG1,LUNG1_171,63.52078,0
LUNG1,LUNG1_174,60.24845,0
LUNG1,LUNG1_176,41.41291,0
LUNG1,LUNG1_177,52.18891,0
LUNG1,LUNG1_178,56.70734,0
LUNG1,LUNG1_179,46.85057,0
LUNG1,LUNG1_180,44.98055,0
LUNG1,LUNG1_182,42.23609,0
LUNG1,LUNG1_183,36.7763,0
LUNG1,LUNG1_184,45.66755,0
LUNG1,LUNG1_186,44.62776,0
LUNG1,LUNG1_188,49.03148,0
LUNG1,LUNG1_189,42.4863,0
LUNG1,LUNG1_190,43.37984,0
LUNG1,LUNG1_191,50.19149,0
LUNG1,LUNG1_192,45.07799,0
LUNG1,LUNG1_195,48.0893,0
LUNG1,LUNG1_196,49.35986,0
LUNG1,LUNG1_198,44.48099,0
LUNG1,LUNG1_199,63.07427,0
LUNG1,LUNG1_201,45.56057,0
LUNG1,LUNG1_202,49.79487,0
LUNG1,LUNG1_204,52.54377,0
LUNG1,LUNG1_205,50.71706,0
LUNG1,LUNG1_206,28.80371,0
LUNG1,LUNG1_207,53.49602,0
LUNG1,LUNG1_208,52.50663,0
LUNG1,LUNG1_210,57.52913,0
LUNG1,LUNG1_211,6.99912,0
LUNG1,LUNG1_212,58.99381,0
LUNG1,LUNG1_213,47.67728,0
LUNG1,LUNG1_214,49.08488,0
LUNG1,LUNG1_215,48.13086,0
LUNG1,LUNG1_216,48.4076,0
LUNG1,LUNG1_217,48.52608,0
LUNG1,LUNG1_218,51.54907,0
LUNG1,LUNG1_220,43.77365,0
LUNG1,LUNG1_221,54.31742,0
LUNG1,LUNG1_224,44.67197,0
LUNG1,LUNG1_225,35.14274,0
LUNG1,LUNG1_226,58.22546,0
LUNG1,LUNG1_227,50.85146,0
LUNG1,LUNG1_228,56.31026,0
LUNG1,LUNG1_229,48.47745,0
LUNG1,LUNG1_230,51.76851,0
LUNG1,LUNG1_231,46.56587,0
LUNG1,LUNG1_234,55.44297,0
LUNG1,LUNG1_236,48.41106,0
LUNG1,LUNG1_238,45.27409,0
LUNG1,LUNG1_239,35.84969,0
LUNG1,LUNG1_240,25.4412,0
LUNG1,LUNG1_243,45.38638,0
LUNG1,LUNG1_244,53.7973,0
LUNG1,LUNG1_245,43.24697,0
LUNG1,LUNG1_249,51.04067,0
LUNG1,LUNG1_250,45.89702,0
LUNG1,LUNG1_251,54.58752,0
LUNG1,LUNG1_252,44.11317,0
LUNG1,LUNG1_254,45.10433,0
LUNG1,LUNG1_255,51.04159,0
LUNG1,LUNG1_256,51.4636,0
LUNG1,LUNG1_257,48,0
LUNG1,LUNG1_258,50.29936,0
LUNG1,LUNG1_259,48.38727,0
LUNG1,LUNG1_263,50.04564,0
LUNG1,LUNG1_264,45.69191,0
LUNG1,LUNG1_265,53.94367,0
LUNG1,LUNG1_268,48.25667,0
LUNG1,LUNG1_269,51.16799,0
LUNG1,LUNG1_270,55.97227,0
LUNG1,LUNG1_272,47.10518,0
LUNG1,LUNG1_273,52.2783,0
LUNG1,LUNG1_274,50.36308,0
LUNG1,LUNG1_275,36.33622,0
LUNG1,LUNG1_276,40.89112,0
LUNG1,LUNG1_278,56.6625,0
LUNG1,LUNG1_279,49.76835,0
LUNG1,LUNG1_280,51.25161,0
LUNG1,LUNG1_282,46.24492,0
LUNG1,LUNG1_283,55.98783,0
LUNG1,LUNG1_284,52.3217,0
LUNG1,LUNG1_285,46.02213,0
LUNG1,LUNG1_286,40.15915,0
LUNG1,LUNG1_287,51.66667,0
LUNG1,LUNG1_288,49.1008,0
LUNG1,LUNG1_290,57.25995,0
LUNG1,LUNG1_291,49.35102,0
LUNG1,LUNG1_293,45.67816,0
LUNG1,LUNG1_294,50.13616,0
LUNG1,LUNG1_295,47.73298,0
LUNG1,LUNG1_296,58.18302,0
LUNG1,LUNG1_297,46.5084,0
LUNG1,LUNG1_299,50.44887,0
LUNG1,LUNG1_300,49.8824,0
LUNG1,LUNG1_301,43.19098,0
LUNG1,LUNG1_307,59.45004,0
LUNG1,LUNG1_311,60.25818,0
LUNG1,LUNG1_312,51.28824,0
LUNG1,LUNG1_313,44.59063,0
LUNG1,LUNG1_314,44.22104,0
LUNG1,LUNG1_316,53.66225,0
LUNG1,LUNG1_318,46.2962,0
LUNG1,LUNG1_320,51.31742,0
LUNG1,LUNG1_321,64.43767,0
LUNG1,LUNG1_322,52.18214,0
LUNG1,LUNG1_324,50.65252,0
LUNG1,LUNG1_325,36.52697,0
LUNG1,LUNG1_326,46.70645,0
LUNG1,LUNG1_327,60.65517,0
LUNG1,LUNG1_328,51.02476,0
LUNG1,LUNG1_330,48.35455,0
LUNG1,LUNG1_331,44.72557,0
LUNG1,LUNG1_332,56.90121,0
LUNG1,LUNG1_333,29.57825,0
LUNG1,LUNG1_334,46.10052,0
LUNG1,LUNG1_335,53.18126,0
LUNG1,LUNG1_336,51.60035,0
LUNG1,LUNG1_337,52.63926,0
LUNG1,LUNG1_338,39.29549,0
LUNG1,LUNG1_339,42.15738,0
LUNG1,LUNG1_341,49.94569,0
LUNG1,LUNG1_343,54.48766,0
LUNG1,LUNG1_344,48.96021,0
LUNG1,LUNG1_345,49.64368,0
LUNG1,LUNG1_346,60.64898,0
LUNG1,LUNG1_347,60.7206,0
LUNG1,LUNG1_348,54.29809,0
LUNG1,LUNG1_349,31.33156,0
LUNG1,LUNG1_351,56.56211,0
LUNG1,LUNG1_352,49.48541,0
LUNG1,LUNG1_353,49.39788,0
LUNG1,LUNG1_357,47.5809,0
LUNG1,LUNG1_359,60.04067,0
LUNG1,LUNG1_360,49.10964,0
LUNG1,LUNG1_364,48.87849,0
LUNG1,LUNG1_365,50.2069,0
LUNG1,LUNG1_366,56.75066,0
LUNG1,LUNG1_368,43.05677,0
LUNG1,LUNG1_372,45.89213,0
LUNG1,LUNG1_373,56.45712,0
LUNG1,LUNG1_375,50.63042,0
LUNG1,LUNG1_378,48.33687,0
LUNG1,LUNG1_379,45.86847,0
LUNG1,LUNG1_382,30.64103,0
LUNG1,LUNG1_383,22.99653,0
LUNG1,LUNG1_387,54.08488,0
LUNG1,LUNG1_388,53.7931,0
LUNG1,LUNG1_389,49.35102,0
LUNG1,LUNG1_392,50.41556,0
LUNG1,LUNG1_393,18.13351,0
LUNG1,LUNG1_396,55.27319,0
LUNG1,LUNG1_397,53.84881,0
LUNG1,LUNG1_398,52.2565,0
LUNG1,LUNG1_399,54.99823,0
LUNG1,LUNG1_400,53.28647,0
LUNG1,LUNG1_401,48.37754,0
LUNG1,LUNG1_402,58.3298,0
LUNG1,LUNG1_403,14.7937,0
LUNG1,LUNG1_404,44.5473,0
LUNG1,LUNG1_405,44.97171,0
LUNG1,LUNG1_407,52.7153,0
LUNG1,LUNG1_409,48.54694,0
LUNG1,LUNG1_413,50.32496,0
LUNG1,LUNG1_414,53.74077,0
LUNG1,LUNG1_415,51.01733,0
LUNG1,LUNG1_416,55.0168,0
LUNG1,LUNG1_417,51.35875,0
LUNG1,LUNG1_418,23.64368,0
LUNG1,LUNG1_421,45.36782,0
LUNG1,LUNG1_422,52.64633,0
MIDRC-RICORD,MIDRC-RICORD-1A-419639-000082,39.8428,0
MIDRC-RICORD,MIDRC-RICORD-1A-419639-000361,31.83371,0
MIDRC-RICORD,MIDRC-RICORD-1A-419639-000421,53.26858,0
MIDRC-RICORD,MIDRC-RICORD-1A-419639-000800,61.88303,0
MIDRC-RICORD,MIDRC-RICORD-1A-419639-001085,59.87184,0
MIDRC-RICORD,MIDRC-RICORD-1A-419639-001446,60.56827,0
MIDRC-RICORD,MIDRC-RICORD-1A-419639-001476,56.88757,0
MIDRC-RICORD,MIDRC-RICORD-1A-440808-000011,64.46947,0
MIDRC-RICORD,MIDRC-RICORD-1A-660042-000008,63.78338,0
MIDRC-RICORD,MIDRC-RICORD-1A-660042-000020,64.92924,0
MIDRC-RICORD,MIDRC-RICORD-1A-660042-000036,61.76162,0
MIDRC-RICORD,MIDRC-RICORD-1A-660042-000047,37.95493,0
MIDRC-RICORD,MIDRC-RICORD-1A-660042-000053,56.96587,0
MIDRC-RICORD,MIDRC-RICORD-1A-660042-000073,61.90694,0
MIDRC-RICORD,MIDRC-RICORD-1A-660042-000097,50.70909,0
MIDRC-RICORD,MIDRC-RICORD-1A-660042-000100,58.43798,0
MIDRC-RICORD,MIDRC-RICORD-1A-660042-000107,37.07722,0
MIDRC-RICORD,MIDRC-RICORD-1A-660042-000124,57.65494,0
MIDRC-RICORD,MIDRC-RICORD-1A-660042-000149,39.29417,0
MIDRC-RICORD,MIDRC-RICORD-1A-660042-000150,54.574,0
MIDRC-RICORD,MIDRC-RICORD-1A-660042-000153,49.14656,0
MIDRC-RICORD,MIDRC-RICORD-1A-660042-000163,33.33418,0
MIDRC-RICORD,MIDRC-RICORD-1A-SITE2-000001,55.40318,0
MIDRC-RICORD,MIDRC-RICORD-1A-SITE2-000004,63.40018,0
MIDRC-RICORD,MIDRC-RICORD-1A-SITE2-000007,49.55602,0
MIDRC-RICORD,MIDRC-RICORD-1A-SITE2-000011,49.95442,0
MIDRC-RICORD,MIDRC-RICORD-1A-SITE2-000016,43.62301,0
MIDRC-RICORD,MIDRC-RICORD-1A-SITE2-000019,53.70458,0
MIDRC-RICORD,MIDRC-RICORD-1A-SITE2-000020,26.93387,0
MIDRC-RICORD,MIDRC-RICORD-1A-SITE2-000022,35.15415,0
MIDRC-RICORD,MIDRC-RICORD-1A-SITE2-000023,47.59795,0
MIDRC-RICORD,MIDRC-RICORD-1A-SITE2-000024,43.52152,0
MIDRC-RICORD,MIDRC-RICORD-1A-SITE2-000028,30.20336,0
MIDRC-RICORD,MIDRC-RICORD-1A-SITE2-000037,12.64869,0
MIDRC-RICORD,MIDRC-RICORD-1A-SITE2-000038,39.60658,0
MIDRC-RICORD,MIDRC-RICORD-1A-SITE2-000039,49.70152,0
MIDRC-RICORD,MIDRC-RICORD-1A-SITE2-000046,49.85041,0
MIDRC-RICORD,MIDRC-RICORD-1A-SITE2-000048,39.07964,0
MIDRC-RICORD,MIDRC-RICORD-1A-SITE2-000051,60.36974,0
MIDRC-RICORD,MIDRC-RICORD-1A-SITE2-000064,41.65165,0
MIDRC-RICORD,MIDRC-RICORD-1A-SITE2-000065,41.55344,0
MIDRC-RICORD,MIDRC-RICORD-1A-SITE2-000096,45.58419,0
MIDRC-RICORD,MIDRC-RICORD-1A-SITE2-000099,42.52381,0
MIDRC-RICORD,MIDRC-RICORD-1A-SITE2-000105,55.43878,0
MIDRC-RICORD,MIDRC-RICORD-1A-SITE2-000110,61.75242,0
MIDRC-RICORD,MIDRC-RICORD-1A-SITE2-000114,61.84187,0
MIDRC-RICORD,MIDRC-RICORD-1A-SITE2-000115,48.43173,0
MIDRC-RICORD,MIDRC-RICORD-1A-SITE2-000119,38.97105,0
MIDRC-RICORD,MIDRC-RICORD-1A-SITE2-000123,53.3101,0
MIDRC-RICORD,MIDRC-RICORD-1A-SITE2-000125,50.75514,0
MIDRC-RICORD,MIDRC-RICORD-1A-SITE2-000143,27.52446,0
MIDRC-RICORD,MIDRC-RICORD-1A-SITE2-000154,50.1982,0
MIDRC-RICORD,MIDRC-RICORD-1A-SITE2-000160,61.5817,0
MIDRC-RICORD,MIDRC-RICORD-1A-SITE2-000174,51.46967,0
MIDRC-RICORD,MIDRC-RICORD-1A-SITE2-000187,44.47327,0
MIDRC-RICORD,MIDRC-RICORD-1A-SITE2-000194,48.17455,0
MIDRC-RICORD,MIDRC-RICORD-1A-SITE2-000198,66.18519,0
MIDRC-RICORD,MIDRC-RICORD-1A-SITE2-000200,59.62369,0
MIDRC-RICORD,MIDRC-RICORD-1A-SITE2-000206,35.45114,0
MIDRC-RICORD,MIDRC-RICORD-1A-SITE2-000223,59.76115,0
MIDRC-RICORD,MIDRC-RICORD-1A-SITE2-000236,52.17595,0
MIDRC-RICORD,MIDRC-RICORD-1A-SITE2-000244,49.37609,0
MIDRC-RICORD,MIDRC-RICORD-1A-SITE2-000245,48.90588,0
MIDRC-RICORD,MIDRC-RICORD-1A-SITE2-000248,51.26052,0
MIDRC-RICORD,MIDRC-RICORD-1A-SITE2-000259,55.28328,0
MIDRC-RICORD,MIDRC-RICORD-1A-SITE2-000275,48.03898,0
MIDRC-RICORD,MIDRC-RICORD-1A-SITE2-000293,50.56053,0
MIDRC-RICORD,MIDRC-RICORD-1B-419639-000340,68.6931,0
MIDRC-RICORD,MIDRC-RICORD-1B-419639-000350,43.1902,0
MIDRC-RICORD,MIDRC-RICORD-1B-419639-000425,53.6404,0
MIDRC-RICORD,MIDRC-RICORD-1B-419639-000824,67.9097,0
MIDRC-RICORD,MIDRC-RICORD-1B-419639-001232,40.5598,0
MIDRC-RICORD,MIDRC-RICORD-1B-419639-001866,27.9505,0
MIDRC-RICORD,MIDRC-RICORD-1B-419639-003018,54.6348,0
MIDRC-RICORD,MIDRC-RICORD-1B-660042-000178,58.4728,0
MIDRC-RICORD,MIDRC-RICORD-1B-660042-000184,37.8098,0
MIDRC-RICORD,MIDRC-RICORD-1B-660042-000185,56.6854,0
MIDRC-RICORD,MIDRC-RICORD-1B-660042-000186,49.5241,0
MIDRC-RICORD,MIDRC-RICORD-1B-660042-000188,52.715,0
MIDRC-RICORD,MIDRC-RICORD-1B-660042-000196,59.6028,0
MIDRC-RICORD,MIDRC-RICORD-1B-660042-000199,48.7579,0
MIDRC-RICORD,MIDRC-RICORD-1B-660042-000200,58.1073,0
MIDRC-RICORD,MIDRC-RICORD-1B-660042-000202,26.2949,0
MIDRC-RICORD,MIDRC-RICORD-1B-660042-000209,54.7143,0
MIDRC-RICORD,MIDRC-RICORD-1B-660042-000213,53.5545,0
MIDRC-RICORD,MIDRC-RICORD-1B-660042-000216,47.5702,0
MIDRC-RICORD,MIDRC-RICORD-1B-660042-000217,61.4281,0
MIDRC-RICORD,MIDRC-RICORD-1B-660042-000218,61.7918,0
MIDRC-RICORD,MIDRC-RICORD-1B-660042-000220,61.3081,0
MIDRC-RICORD,MIDRC-RICORD-1B-660042-000224,67.9278,0
MIDRC-RICORD,MIDRC-RICORD-1B-660042-000227,57.179,0
MIDRC-RICORD,MIDRC-RICORD-1B-660042-000228,66.6932,0
MIDRC-RICORD,MIDRC-RICORD-1B-660042-000232,46.0179,0
MIDRC-RICORD,MIDRC-RICORD-1B-660042-000236,66.3438,0
MIDRC-RICORD,MIDRC-RICORD-1B-660042-000238,63.0278,0
MIDRC-RICORD,MIDRC-RICORD-1B-660042-000242,69.0062,0
MIDRC-RICORD,MIDRC-RICORD-1B-660042-000244,63.3879,0
MIDRC-RICORD,MIDRC-RICORD-1B-660042-000249,63.8577,0
MIDRC-RICORD,MIDRC-RICORD-1B-660042-000256,64.2685,0
MIDRC-RICORD,MIDRC-RICORD-1B-660042-000259,45.8163,0
MIDRC-RICORD,MIDRC-RICORD-1B-660042-000260,28.508,0
MIDRC-RICORD,MIDRC-RICORD-1B-SITE2-000312,55.4972,0
MIDRC-RICORD,MIDRC-RICORD-1B-SITE2-000319,22.2714,0
MIDRC-RICORD,MIDRC-RICORD-1B-SITE2-000334,59.3614,0
MIDRC-RICORD,MIDRC-RICORD-1B-SITE2-000343,52.2157,0
MIDRC-RICORD,MIDRC-RICORD-1B-SITE2-000348,52.6993,0
MIDRC-RICORD,MIDRC-RICORD-1B-SITE2-000349,59.1512,0
MIDRC-RICORD,MIDRC-RICORD-1B-SITE2-000353,50.2797,0
MIDRC-RICORD,MIDRC-RICORD-1B-SITE2-000390,59.184,0
MIDRC-RICORD,MIDRC-RICORD-1B-SITE2-000416,61.5339,0
MIDRC-RICORD,MIDRC-RICORD-1B-SITE2-000438,57.4863,0
MIDRC-RICORD,MIDRC-RICORD-1B-SITE2-000455,38.545,0
MIDRC-RICORD,MIDRC-RICORD-1B-SITE2-000467,64.2032,0
MIDRC-RICORD,MIDRC-RICORD-1B-SITE2-000469,61.4965,0
MIDRC-RICORD,MIDRC-RICORD-1B-SITE2-000474,66.219,0
MIDRC-RICORD,MIDRC-RICORD-1B-SITE2-000513,53.3373,0
MIDRC-RICORD,MIDRC-RICORD-1B-SITE2-000516,60.5391,0
MIDRC-RICORD,MIDRC-RICORD-1B-SITE2-000519,56.3005,0
MIDRC-RICORD,MIDRC-RICORD-1B-SITE2-000522,49.5698,0
MIDRC-RICORD,MIDRC-RICORD-1B-SITE2-000537,65.2869,0
MIDRC-RICORD,MIDRC-RICORD-1B-SITE2-000541,68.2263,0
MIDRC-RICORD,MIDRC-RICORD-1B-SITE2-000550,65.3991,0
MIDRC-RICORD,MIDRC-RICORD-1B-SITE2-000553,65.0585,0
MIDRC-RICORD,MIDRC-RICORD-1B-SITE2-000562,69.8373,0
MIDRC-RICORD,MIDRC-RICORD-1B-SITE2-000574,62.1241,0
MIDRC-RICORD,MIDRC-RICORD-1B-SITE2-000588,59.924,0
MIDRC-RICORD,MIDRC-RICORD-1B-SITE2-000591,59.2881,0
MIDRC-RICORD,MIDRC-RICORD-1B-SITE2-000593,65.0521,0
RIDER,RIDER_000,61.0053,0
RIDER,RIDER_001,63.0407,0
RIDER,RIDER_003,61.173,0
RIDER,RIDER_004,70.809,0
RIDER,RIDER_005,71.6552,0
RIDER,RIDER_006,58.4416,0
RIDER,RIDER_007,63.5973,0
RIDER,RIDER_008,56.9213,0
RIDER,RIDER_009,61.071,0
RIDER,RIDER_012,63.3688,0
RIDER,RIDER_013,63.7951,0
RIDER,RIDER_016,60.9078,0
RIDER,RIDER_017,62.1342,0
RIDER,RIDER_018,64.4111,0
RIDER,RIDER_019,64.7144,0
RIDER,RIDER_020,1.33498,0
RIDER,RIDER_021,1.24211,0
RIDER,RIDER_022,66.7197,0
RIDER,RIDER_023,65.9959,0
RIDER,RIDER_024,61.2632,0
RIDER,RIDER_025,58.4628,0
RIDER,RIDER_026,70.6762,0
RIDER,RIDER_027,66.6428,0
RIDER,RIDER_028,69.9546,0
RIDER,RIDER_029,70.9623,0
RIDER,RIDER_030,64.0894,0
RIDER,RIDER_031,62.4823,0
RIDER,RIDER_032,45.368,0
RIDER,RIDER_033,44.1814,0
RIDER,RIDER_034,54.7422,0
RIDER,RIDER_035,56.9853,0
RIDER,RIDER_036,67.0749,0
RIDER,RIDER_037,64.5948,0
RIDER,RIDER_038,49.8399,0
RIDER,RIDER_039,51.8108,0
RIDER,RIDER_040,69.6236,0
RIDER,RIDER_041,65.3804,0
RIDER,RIDER_042,46.3199,0
RIDER,RIDER_043,43.4978,0
RIDER,RIDER_044,63.562,0
RIDER,RIDER_045,64.0626,0
RIDER,RIDER_046,68.6,0
RIDER,RIDER_047,68.1843,0
RIDER,RIDER_048,67.9218,0
RIDER,RIDER_049,63.4427,0
RIDER,RIDER_050,73.9312,0
RIDER,RIDER_051,74.9132,0
RIDER,RIDER_052,65.9671,0
RIDER,RIDER_053,67.8797,0
RIDER,RIDER_054,71.693,0
RIDER,RIDER_055,69.4674,0
RIDER,RIDER_056,68.6003,0
RIDER,RIDER_057,68.4848,0
RIDER,RIDER_058,62.9422,0
RIDER,RIDER_059,74.177,0
RIDER,RIDER_060,72.5108,0
RIDER,RIDER_062,53.2661,0
VESSEL12,VESSEL12_01,47.09991,0
VESSEL12,VESSEL12_02,53.60938,0
VESSEL12,VESSEL12_03,67.57771,0
VESSEL12,VESSEL12_04,64.62582,0
VESSEL12,VESSEL12_05,55.77231,0
VESSEL12,VESSEL12_07,54.19795,0
VESSEL12,VESSEL12_08,55.07427,0
VESSEL12,VESSEL12_14,61.93691,0
VESSEL12,VESSEL12_16,56.28462,0
VESSEL12,VESSEL12_18,43.42352,0
VESSEL12,VESSEL12_19,65.55404,0
VESSEL12,VESSEL12_20,60.70105,0
